{
  "skill_similarity": 0.371900826446281,
  "coverage": 0.29338842975206614,
  "experience": 0.33471074380165283
}